{"cameraMode":{"drawMode":0,"name":"Shaded","section":"Shading Mode"},"sceneLighting":true,"audioPlay":false,"sceneViewState":{"showFog":true,"showMaterialUpdate":false,"showSkybox":true,"showFlares":true,"showImageEffects":true,"showParticleSystems":true},"in2DMode":false,"pivot":{"x":1263.2327880859375,"y":111.88558959960938,"z":163.68511962890626},"rotation":{"x":-0.19539067149162293,"y":0.029314877465367318,"z":-0.013456263579428196,"w":-0.981159508228302},"size":1119.3895263671875,"orthographic":false}